epoch,loss,val_loss
0,3.1002865334690384,2.387042909860611
